<?xml version="1.0" encoding="UTF-8" standalone="yes"?>
<addon id="plugin.video.CESAR77"
       name="CESAR77"
       version="2.4.3"
       provider-name="C.M.R.R">
  <requires>
    <import addon="xbmc.python" version="2.1.0"/>
    <import addon="script.module.beautifulsoup" version="3.2.1"/>
    <import addon="script.module.simple.downloader" version="0.9.4"/>
    <import addon="script.module.beautifulsoup4" />
    <import addon="script.module.requests" />
    <import addon="script.module.httplib2" />
    <import addon="script.module.youtube.dl" optional="true"/>
    <import addon="plugin.video.youtube" optional="true" />
    <import addon="script.module.urlresolver" optional="true"/>
    <import addon="script.module.simplejson" />    
     <import addon="script.module.livestreamer" optional="true"/>
     <import addon="script.module.pyamf" optional="true"/>
  </requires>
  <extension point="xbmc.python.pluginsource" library="default.py">
    <provides>video</provides>
  </extension>
  <extension point="xbmc.addon.metadata">
    <summary>Basado en LiveStreamsPro</summary>
    <description>
        CANALES RETRASMITIDOS POR INTERNET Y OTRAS PLATAFORMAS
        
    </description>
    <platform>all</platform>
  </extension>
</addon>
